Li,Sc,Sn
15.839375,2.71125,0.7268749999999999
