Li,Sc,Sn
15.328750000000001,2.66,0.7037500000000001
