Li,Sc,Sn
14.818125,2.60875,0.6806249999999999
