Li,Sc,Sn
14.307500000000001,2.5575000000000006,0.6575000000000001
