Li,Sc,Sn
13.796875000000002,2.5062500000000005,0.634375
