Li,Sc,Sn
13.28625,2.455,0.61125
