Li,Sc,Sn
12.775625,2.4037499999999996,0.5881249999999999
