Li,Sc,Sn
11.754375000000001,2.30125,0.541875
