Li,Sc,Sn
11.24375,2.25,0.51875
