Li,Sc,Sn
10.733125000000001,2.19875,0.495625
