Li,Sc,Sn
9.711875000000001,2.09625,0.44937499999999997
