Li,Sc,Sn
9.20125,2.045,0.42624999999999996
