Li,Sc,Sn
8.690625,1.9937500000000001,0.40312499999999996
