Li,Sc,Sn
7.669375,1.8912499999999999,0.35687499999999994
