Li,Sc,Sn
7.15875,1.8399999999999999,0.33375
