Li,Sc,Sn
6.648124999999999,1.78875,0.31062499999999993
