site,MeanLi,SDLi,MeanSc,SDSc,MeanSn,SDSn,n
Agriculture,16.35,0.951690225711227,2.7625,0.19955307206712844,0.75,0.053452248382484926,8
Forest,6.1375,0.736667205343479,1.7375,0.1407885953173358,0.2875,0.03535533905932737,8
