Bi,Li,U
0.2455175438596491,15.259298245614035,1.485438596491228
