Bi,Li,U
0.24156140350877192,14.7940350877193,1.4629824561403508
