Bi,Li,U
0.23760526315789474,14.328771929824562,1.4405263157894734
