Bi,Li,U
0.23364912280701758,13.863508771929826,1.4180701754385965
