Bi,Li,U
0.22969298245614037,13.398245614035089,1.3956140350877193
