Bi,Li,U
0.22573684210526315,12.932982456140351,1.3731578947368421
