Bi,Li,U
0.22178070175438594,12.467719298245614,1.3507017543859647
