Bi,Li,U
0.21782456140350875,12.002456140350876,1.3282456140350876
