Bi,Li,U
0.2138684210526316,11.537192982456142,1.3057894736842106
