Bi,Li,U
0.20991228070175438,11.071929824561405,1.2833333333333332
