Bi,Li,U
0.20595614035087717,10.606666666666667,1.260877192982456
