Bi,Li,U
0.202,10.14140350877193,1.2384210526315789
