Bi,Li,U
0.1980438596491228,9.676140350877192,1.2159649122807017
