Bi,Li,U
0.1940877192982456,9.210877192982455,1.1935087719298245
