Bi,Li,U
0.1901315789473684,8.74561403508772,1.1710526315789473
