Bi,Li,U
0.18617543859649122,8.280350877192983,1.1485964912280702
