Bi,Li,U
0.182219298245614,7.815087719298244,1.126140350877193
