Bi,Li,U
0.17826315789473685,7.3498245614035085,1.1036842105263158
