Bi,Li,U
0.17430701754385963,6.884561403508771,1.0812280701754386
