Bi,Li,U
0.24947368421052632,15.724561403508773,1.5078947368421052
