Bi,Li,U
0.17035087719298245,6.419298245614035,1.0587719298245615
