site,MeanBi,SDBi,MeanLi,SDLi,MeanU,SDU,n
Agriculture,0.24875,0.016420805617960936,16.35,0.951690225711227,1.70875,0.07453426824526516,8
Forest,0.12125,0.019594095320493148,6.1375,0.736667205343479,1.26125,0.07434235478033847,8
