Be,Ca,Co,Cu,Li
0.8698928571428571,4.724321428571429,8.984642857142857,22.588928571428568,14.308571428571428
