Be,Ca,Co,Cu,Li
0.8483571428571429,4.569357142857143,8.869285714285713,22.092142857142857,13.895714285714288
