Be,Ca,Co,Cu,Li
0.8268214285714286,4.4143928571428575,8.75392857142857,21.595357142857143,13.482857142857142
