Be,Ca,Co,Cu,Li
0.8052857142857144,4.259428571428572,8.638571428571428,21.09857142857143,13.07
