Be,Ca,Co,Cu,Li
0.7837500000000001,4.104464285714286,8.523214285714285,20.601785714285715,12.657142857142857
