Be,Ca,Co,Cu,Li
0.7622142857142857,3.9495,8.407857142857143,20.105,12.244285714285715
