Be,Ca,Co,Cu,Li
0.7406785714285714,3.7945357142857143,8.2925,19.608214285714283,11.831428571428571
