Be,Ca,Co,Cu,Li
0.7191428571428571,3.6395714285714287,8.177142857142858,19.111428571428572,11.418571428571427
