Be,Ca,Co,Cu,Li
0.6976071428571429,3.4846071428571435,8.061785714285714,18.614642857142858,11.005714285714287
