Be,Ca,Co,Cu,Li
0.6760714285714287,3.3296428571428573,7.946428571428571,18.117857142857144,10.592857142857143
