Be,Ca,Co,Cu,Li
0.6545357142857143,3.1746785714285712,7.831071428571429,17.62107142857143,10.18
