Be,Ca,Co,Cu,Li
0.633,3.0197142857142856,7.715714285714286,17.124285714285712,9.767142857142856
