Be,Ca,Co,Cu,Li
0.6114642857142858,2.86475,7.600357142857143,16.6275,9.354285714285714
