Be,Ca,Co,Cu,Li
0.5899285714285715,2.7097857142857142,7.484999999999999,16.130714285714287,8.94142857142857
