Be,Ca,Co,Cu,Li
0.5683928571428571,2.5548214285714286,7.369642857142857,15.633928571428573,8.528571428571428
