Be,Ca,Co,Cu,Li
0.5468571428571428,2.399857142857143,7.254285714285714,15.137142857142857,8.115714285714285
