Be,Ca,Co,Cu,Li
0.5253214285714286,2.244892857142857,7.138928571428571,14.640357142857143,7.702857142857143
