Be,Ca,Co,Cu,Li
0.5037857142857143,2.0899285714285716,7.023571428571429,14.143571428571429,7.29
