Be,Ca,Co,Cu,Li
0.48224999999999996,1.9349642857142855,6.908214285714285,13.646785714285715,6.877142857142857
