Be,Ca,Co,Cu,Li
0.8914285714285715,4.8792857142857144,9.1,23.085714285714285,14.721428571428572
