Be,Ca,Co,Cu,Li
0.46071428571428574,1.78,6.792857142857143,13.15,6.464285714285714
