Co,Fe,a_col
8.604736842105263,1.8600087719298246,3.623653576591228
