Co,Fe,a_col
8.509473684210526,1.8242280701754385,3.733513129989474
