Co,Fe,a_col
8.41421052631579,1.7884473684210527,3.8433726833877193
