Co,Fe,a_col
8.318947368421053,1.7526666666666668,3.953232236785965
