Co,Fe,a_col
8.223684210526315,1.7168859649122807,4.0630917901842105
