Co,Fe,a_col
8.128421052631579,1.6811052631578947,4.172951343582456
