Co,Fe,a_col
8.03315789473684,1.6453245614035088,4.282810896980702
