Co,Fe,a_col
7.937894736842106,1.6095438596491227,4.392670450378947
