Co,Fe,a_col
7.842631578947369,1.5737631578947369,4.502530003777193
