Co,Fe,a_col
7.747368421052631,1.5379824561403508,4.6123895571754385
