Co,Fe,a_col
7.652105263157894,1.5022017543859647,4.722249110573684
