Co,Fe,a_col
7.556842105263158,1.466421052631579,4.83210866397193
