Co,Fe,a_col
7.461578947368421,1.430640350877193,4.941968217370175
