Co,Fe,a_col
7.366315789473683,1.394859649122807,5.051827770768421
