Co,Fe,a_col
7.271052631578947,1.359078947368421,5.1616873241666665
