Co,Fe,a_col
7.17578947368421,1.3232982456140352,5.271546877564912
