Co,Fe,a_col
7.080526315789474,1.2875175438596491,5.381406430963158
