Co,Fe,a_col
6.985263157894737,1.2517368421052633,5.491265984361403
