Co,Fe,a_col
6.89,1.2159561403508772,5.601125537759649
