Co,Fe,a_col
8.7,1.8957894736842105,3.5137940231929825
