Co,Fe,a_col
6.794736842105263,1.1801754385964913,5.7109850911578945
