site,MeanCo,SDCo,MeanFe,SDFe,Meana_col,SDa_col,n
Agriculture,9.1,1.0280676421924175,1.9578571428571427,0.09141440480905294,3.5016712449285716,0.24994918105282812,14
Forest,6.792857142857143,1.5137646833254885,1.2107142857142856,0.08922437453403086,5.679009641214286,0.35985805152255085,14
